model,uf,hyperparameter,initial_guess,validation_1,
SIR-1S,AC,rho_report_a,7.065060565,40.90990592,
SIR-1S,AC,rho_report_b,13.97523811,95.37574841,
SIR-1S,AC,f_R_a,70.76755126,476.9026325,
SIR-1S,AC,f_R_b,114.0573096,627.9077223,
SIR-1S,AC,f_I_s,0.967729884,1.020806337,
SIR-1S,AC,f_I_scale,9.68E-05,9.93E-05,
SIR-1S,AC,beta_mu,0.343000247,0.362805648,
SIR-1S,AC,beta_sigma,0.013065599,0.00744393,
SIR-1S,AC,delta_beta_temporal_0_mu,0.031732596,0.033947245,
SIR-1S,AC,delta_beta_temporal_1_mu,0.071641251,0.064888183,
SIR-1S,AC,delta_beta_temporal_2_mu,0.024360336,0.027299148,
SIR-1S,AC,delta_beta_temporal_3_mu,0.043306323,0.053127505,
SIR-1S,AC,delta_beta_temporal_4_mu,-0.027355263,-0.026650311,
SIR-1S,AC,delta_beta_temporal_5_mu,-0.032184134,-0.044610254,
SIR-1S,AC,delta_beta_temporal_6_mu,-0.067552068,-0.068546919,
SIR-1S,AC,delta_beta_temporal_7_mu,-0.035894179,-0.029852175,
SIR-1S,AC,delta_beta_temporal_8_mu,-0.053300541,-0.057107905,
SIR-1S,AC,delta_beta_temporal_9_mu,-0.010801441,-0.018095034,
SIR-1S,AC,delta_beta_temporal_10_mu,-0.004037912,-0.00428072,
SIR-1S,AC,delta_beta_temporal_0_sigma,0.062139202,0.051322492,
SIR-1S,AC,delta_beta_temporal_1_sigma,0.084306588,0.082577616,
SIR-1S,AC,delta_beta_temporal_2_sigma,0.102220553,0.078159331,
SIR-1S,AC,delta_beta_temporal_3_sigma,0.092601925,0.093577029,
SIR-1S,AC,delta_beta_temporal_4_sigma,0.050793627,0.043562029,
SIR-1S,AC,delta_beta_temporal_5_sigma,0.04687265,0.042887938,
SIR-1S,AC,delta_beta_temporal_6_sigma,0.058374942,0.057812244,
SIR-1S,AC,delta_beta_temporal_7_sigma,0.076975061,0.075525725,
SIR-1S,AC,delta_beta_temporal_8_sigma,0.054432636,0.050184712,
SIR-1S,AC,delta_beta_temporal_9_sigma,0.036632516,0.038646148,
SIR-1S,AC,delta_beta_temporal_10_sigma,0.077963154,0.098750159,
SIR-1S,AL,rho_report_a,136.3816837,,
SIR-1S,AL,rho_report_b,23.76797003,,
SIR-1S,AL,f_R_a,3.790088121,,
SIR-1S,AL,f_R_b,10.04838564,,
SIR-1S,AL,f_I_s,1.007229398,,
SIR-1S,AL,f_I_scale,4.02E-05,,
SIR-1S,AL,beta_mu,0.288263982,,
SIR-1S,AL,beta_sigma,0.055657095,,
SIR-1S,AL,delta_beta_temporal_0_mu,-0.043667339,,
SIR-1S,AL,delta_beta_temporal_1_mu,-0.045470853,,
SIR-1S,AL,delta_beta_temporal_2_mu,-0.054599596,,
SIR-1S,AL,delta_beta_temporal_3_mu,0.002086076,,
SIR-1S,AL,delta_beta_temporal_4_mu,0.032240107,,
SIR-1S,AL,delta_beta_temporal_5_mu,0.061754254,,
SIR-1S,AL,delta_beta_temporal_6_mu,0.055390664,,
SIR-1S,AL,delta_beta_temporal_7_mu,0.039176515,,
SIR-1S,AL,delta_beta_temporal_8_mu,0.001983438,,
SIR-1S,AL,delta_beta_temporal_9_mu,-0.020825428,,
SIR-1S,AL,delta_beta_temporal_10_mu,-0.053611278,,
SIR-1S,AL,delta_beta_temporal_0_sigma,0.05465124,,
SIR-1S,AL,delta_beta_temporal_1_sigma,0.048017765,,
SIR-1S,AL,delta_beta_temporal_2_sigma,0.052843518,,
SIR-1S,AL,delta_beta_temporal_3_sigma,0.064067871,,
SIR-1S,AL,delta_beta_temporal_4_sigma,0.049696925,,
SIR-1S,AL,delta_beta_temporal_5_sigma,0.046853517,,
SIR-1S,AL,delta_beta_temporal_6_sigma,0.064383018,,
SIR-1S,AL,delta_beta_temporal_7_sigma,0.070323314,,
SIR-1S,AL,delta_beta_temporal_8_sigma,0.042677219,,
SIR-1S,AL,delta_beta_temporal_9_sigma,0.044548806,,
SIR-1S,AL,delta_beta_temporal_10_sigma,0.035765591,,
SIR-1S,AM,rho_report_a,2.922430937,,
SIR-1S,AM,rho_report_b,1.243367581,,
SIR-1S,AM,f_R_a,7.507152624,,
SIR-1S,AM,f_R_b,19.094105,,
SIR-1S,AM,f_I_s,0.538705907,,
SIR-1S,AM,f_I_scale,1.80E-05,,
SIR-1S,AM,beta_mu,0.286219017,,
SIR-1S,AM,beta_sigma,0.03720682,,
SIR-1S,AM,delta_beta_temporal_0_mu,0.010907105,,
SIR-1S,AM,delta_beta_temporal_1_mu,0.02584943,,
SIR-1S,AM,delta_beta_temporal_2_mu,0.044394745,,
SIR-1S,AM,delta_beta_temporal_3_mu,0.076129005,,
SIR-1S,AM,delta_beta_temporal_4_mu,0.034087671,,
SIR-1S,AM,delta_beta_temporal_5_mu,-0.002875713,,
SIR-1S,AM,delta_beta_temporal_6_mu,-0.042992209,,
SIR-1S,AM,delta_beta_temporal_7_mu,-0.064483123,,
SIR-1S,AM,delta_beta_temporal_8_mu,-0.039378981,,
SIR-1S,AM,delta_beta_temporal_9_mu,-0.021684983,,
SIR-1S,AM,delta_beta_temporal_10_mu,-0.029912383,,
SIR-1S,AM,delta_beta_temporal_0_sigma,0.064837251,,
SIR-1S,AM,delta_beta_temporal_1_sigma,0.051537168,,
SIR-1S,AM,delta_beta_temporal_2_sigma,0.038378473,,
SIR-1S,AM,delta_beta_temporal_3_sigma,0.057511153,,
SIR-1S,AM,delta_beta_temporal_4_sigma,0.03779476,,
SIR-1S,AM,delta_beta_temporal_5_sigma,0.050300998,,
SIR-1S,AM,delta_beta_temporal_6_sigma,0.065222061,,
SIR-1S,AM,delta_beta_temporal_7_sigma,0.046324509,,
SIR-1S,AM,delta_beta_temporal_8_sigma,0.037102873,,
SIR-1S,AM,delta_beta_temporal_9_sigma,0.033352564,,
SIR-1S,AM,delta_beta_temporal_10_sigma,0.034857125,,
SIR-1S,AP,rho_report_a,353.7541959,,
SIR-1S,AP,rho_report_b,63.85545932,,
SIR-1S,AP,f_R_a,26.34844729,,
SIR-1S,AP,f_R_b,110.2599185,,
SIR-1S,AP,f_I_s,0.826738821,,
SIR-1S,AP,f_I_scale,2.62E-05,,
SIR-1S,AP,beta_mu,0.24217361,,
SIR-1S,AP,beta_sigma,0.021271584,,
SIR-1S,AP,delta_beta_temporal_0_mu,-0.01965784,,
SIR-1S,AP,delta_beta_temporal_1_mu,-0.020917075,,
SIR-1S,AP,delta_beta_temporal_2_mu,-0.002478735,,
SIR-1S,AP,delta_beta_temporal_3_mu,0.053068633,,
SIR-1S,AP,delta_beta_temporal_4_mu,0.036797413,,
SIR-1S,AP,delta_beta_temporal_5_mu,0.021726327,,
SIR-1S,AP,delta_beta_temporal_6_mu,-0.01755976,,
SIR-1S,AP,delta_beta_temporal_7_mu,-0.035937135,,
SIR-1S,AP,delta_beta_temporal_8_mu,-0.039926344,,
SIR-1S,AP,delta_beta_temporal_9_mu,-0.017224682,,
SIR-1S,AP,delta_beta_temporal_10_mu,-0.001429215,,
SIR-1S,AP,delta_beta_temporal_0_sigma,0.043552139,,
SIR-1S,AP,delta_beta_temporal_1_sigma,0.019860399,,
SIR-1S,AP,delta_beta_temporal_2_sigma,0.031374439,,
SIR-1S,AP,delta_beta_temporal_3_sigma,0.059337984,,
SIR-1S,AP,delta_beta_temporal_4_sigma,0.038857522,,
SIR-1S,AP,delta_beta_temporal_5_sigma,0.035271303,,
SIR-1S,AP,delta_beta_temporal_6_sigma,0.054777448,,
SIR-1S,AP,delta_beta_temporal_7_sigma,0.053510897,,
SIR-1S,AP,delta_beta_temporal_8_sigma,0.049499496,,
SIR-1S,AP,delta_beta_temporal_9_sigma,0.037816085,,
SIR-1S,AP,delta_beta_temporal_10_sigma,0.030551465,,
SIR-1S,BA,rho_report_a,1.128897817,,
SIR-1S,BA,rho_report_b,1.743161614,,
SIR-1S,BA,f_R_a,5.238473166,,
SIR-1S,BA,f_R_b,10.92320896,,
SIR-1S,BA,f_I_s,1.034591536,,
SIR-1S,BA,f_I_scale,3.40E-05,,
SIR-1S,BA,beta_mu,0.311663112,,
SIR-1S,BA,beta_sigma,0.050150155,,
SIR-1S,BA,delta_beta_temporal_0_mu,-0.039687057,,
SIR-1S,BA,delta_beta_temporal_1_mu,-0.013569661,,
SIR-1S,BA,delta_beta_temporal_2_mu,0.022523242,,
SIR-1S,BA,delta_beta_temporal_3_mu,0.080595984,,
SIR-1S,BA,delta_beta_temporal_4_mu,0.104810915,,
SIR-1S,BA,delta_beta_temporal_5_mu,0.064703055,,
SIR-1S,BA,delta_beta_temporal_6_mu,0.01564091,,
SIR-1S,BA,delta_beta_temporal_7_mu,-0.029600084,,
SIR-1S,BA,delta_beta_temporal_8_mu,-0.088187688,,
SIR-1S,BA,delta_beta_temporal_9_mu,-0.06869273,,
SIR-1S,BA,delta_beta_temporal_10_mu,-0.058308239,,
SIR-1S,BA,delta_beta_temporal_0_sigma,0.054716605,,
SIR-1S,BA,delta_beta_temporal_1_sigma,0.031971573,,
SIR-1S,BA,delta_beta_temporal_2_sigma,0.064748409,,
SIR-1S,BA,delta_beta_temporal_3_sigma,0.042500128,,
SIR-1S,BA,delta_beta_temporal_4_sigma,0.078784519,,
SIR-1S,BA,delta_beta_temporal_5_sigma,0.071176294,,
SIR-1S,BA,delta_beta_temporal_6_sigma,0.05989984,,
SIR-1S,BA,delta_beta_temporal_7_sigma,0.067201915,,
SIR-1S,BA,delta_beta_temporal_8_sigma,0.041453244,,
SIR-1S,BA,delta_beta_temporal_9_sigma,0.047121747,,
SIR-1S,BA,delta_beta_temporal_10_sigma,0.046355717,,
SIR-1S,CE,rho_report_a,6.177462421,,
SIR-1S,CE,rho_report_b,2.168028498,,
SIR-1S,CE,f_R_a,9.676938094,,
SIR-1S,CE,f_R_b,14.66107492,,
SIR-1S,CE,f_I_s,0.657520228,,
SIR-1S,CE,f_I_scale,2.23E-05,,
SIR-1S,CE,beta_mu,0.346530388,,
SIR-1S,CE,beta_sigma,0.058741536,,
SIR-1S,CE,delta_beta_temporal_0_mu,-0.073508746,,
SIR-1S,CE,delta_beta_temporal_1_mu,-0.034487898,,
SIR-1S,CE,delta_beta_temporal_2_mu,-0.007307259,,
SIR-1S,CE,delta_beta_temporal_3_mu,0.059873503,,
SIR-1S,CE,delta_beta_temporal_4_mu,0.100806271,,
SIR-1S,CE,delta_beta_temporal_5_mu,0.08054981,,
SIR-1S,CE,delta_beta_temporal_6_mu,0.077735193,,
SIR-1S,CE,delta_beta_temporal_7_mu,0.009285751,,
SIR-1S,CE,delta_beta_temporal_8_mu,-0.058469466,,
SIR-1S,CE,delta_beta_temporal_9_mu,-0.07919068,,
SIR-1S,CE,delta_beta_temporal_10_mu,-0.077281961,,
SIR-1S,CE,delta_beta_temporal_0_sigma,0.05044172,,
SIR-1S,CE,delta_beta_temporal_1_sigma,0.031359119,,
SIR-1S,CE,delta_beta_temporal_2_sigma,0.035916399,,
SIR-1S,CE,delta_beta_temporal_3_sigma,0.057310059,,
SIR-1S,CE,delta_beta_temporal_4_sigma,0.052948015,,
SIR-1S,CE,delta_beta_temporal_5_sigma,0.051601562,,
SIR-1S,CE,delta_beta_temporal_6_sigma,0.059166459,,
SIR-1S,CE,delta_beta_temporal_7_sigma,0.098114021,,
SIR-1S,CE,delta_beta_temporal_8_sigma,0.055565131,,
SIR-1S,CE,delta_beta_temporal_9_sigma,0.060802618,,
SIR-1S,CE,delta_beta_temporal_10_sigma,0.043672286,,
SIR-1S,DF,rho_report_a,1.373774709,,
SIR-1S,DF,rho_report_b,0.977756516,,
SIR-1S,DF,f_R_a,2.842839902,,
SIR-1S,DF,f_R_b,6.674017462,,
SIR-1S,DF,f_I_s,0.963931184,,
SIR-1S,DF,f_I_scale,2.60E-05,,
SIR-1S,DF,beta_mu,0.309175174,,
SIR-1S,DF,beta_sigma,0.063818641,,
SIR-1S,DF,delta_beta_temporal_0_mu,-0.03843086,,
SIR-1S,DF,delta_beta_temporal_1_mu,-0.006858227,,
SIR-1S,DF,delta_beta_temporal_2_mu,0.041282776,,
SIR-1S,DF,delta_beta_temporal_3_mu,0.070393621,,
SIR-1S,DF,delta_beta_temporal_4_mu,0.066635202,,
SIR-1S,DF,delta_beta_temporal_5_mu,0.033443684,,
SIR-1S,DF,delta_beta_temporal_6_mu,0.034732985,,
SIR-1S,DF,delta_beta_temporal_7_mu,-0.007956278,,
SIR-1S,DF,delta_beta_temporal_8_mu,-0.067930516,,
SIR-1S,DF,delta_beta_temporal_9_mu,-0.103838262,,
SIR-1S,DF,delta_beta_temporal_10_mu,-0.052605691,,
SIR-1S,DF,delta_beta_temporal_0_sigma,0.05134147,,
SIR-1S,DF,delta_beta_temporal_1_sigma,0.0212719,,
SIR-1S,DF,delta_beta_temporal_2_sigma,0.051521373,,
SIR-1S,DF,delta_beta_temporal_3_sigma,0.063713065,,
SIR-1S,DF,delta_beta_temporal_4_sigma,0.03740382,,
SIR-1S,DF,delta_beta_temporal_5_sigma,0.035151173,,
SIR-1S,DF,delta_beta_temporal_6_sigma,0.055584741,,
SIR-1S,DF,delta_beta_temporal_7_sigma,0.065189156,,
SIR-1S,DF,delta_beta_temporal_8_sigma,0.061739029,,
SIR-1S,DF,delta_beta_temporal_9_sigma,0.064728951,,
SIR-1S,DF,delta_beta_temporal_10_sigma,0.063396283,,
SIR-1S,ES,rho_report_a,9.758006033,,
SIR-1S,ES,rho_report_b,2.970324233,,
SIR-1S,ES,f_R_a,3.063868901,,
SIR-1S,ES,f_R_b,5.919585048,,
SIR-1S,ES,f_I_s,1.269506216,,
SIR-1S,ES,f_I_scale,2.15E-05,,
SIR-1S,ES,beta_mu,0.313027257,,
SIR-1S,ES,beta_sigma,0.082458361,,
SIR-1S,ES,delta_beta_temporal_0_mu,-0.014941846,,
SIR-1S,ES,delta_beta_temporal_1_mu,0.009285519,,
SIR-1S,ES,delta_beta_temporal_2_mu,0.048462349,,
SIR-1S,ES,delta_beta_temporal_3_mu,0.056510495,,
SIR-1S,ES,delta_beta_temporal_4_mu,0.009785484,,
SIR-1S,ES,delta_beta_temporal_5_mu,0.045607541,,
SIR-1S,ES,delta_beta_temporal_6_mu,-0.023511801,,
SIR-1S,ES,delta_beta_temporal_7_mu,-0.032769313,,
SIR-1S,ES,delta_beta_temporal_8_mu,-0.038942078,,
SIR-1S,ES,delta_beta_temporal_9_mu,-0.05294211,,
SIR-1S,ES,delta_beta_temporal_10_mu,-0.039521646,,
SIR-1S,ES,delta_beta_temporal_0_sigma,0.038828681,,
SIR-1S,ES,delta_beta_temporal_1_sigma,0.033485304,,
SIR-1S,ES,delta_beta_temporal_2_sigma,0.056850225,,
SIR-1S,ES,delta_beta_temporal_3_sigma,0.050265008,,
SIR-1S,ES,delta_beta_temporal_4_sigma,0.051464523,,
SIR-1S,ES,delta_beta_temporal_5_sigma,0.051322687,,
SIR-1S,ES,delta_beta_temporal_6_sigma,0.087448941,,
SIR-1S,ES,delta_beta_temporal_7_sigma,0.081344196,,
SIR-1S,ES,delta_beta_temporal_8_sigma,0.054820491,,
SIR-1S,ES,delta_beta_temporal_9_sigma,0.0426171,,
SIR-1S,ES,delta_beta_temporal_10_sigma,0.040022158,,
SIR-1S,GO,rho_report_a,2.743962869,,
SIR-1S,GO,rho_report_b,1.931208742,,
SIR-1S,GO,f_R_a,7.397934965,,
SIR-1S,GO,f_R_b,11.01553901,,
SIR-1S,GO,f_I_s,0.492995187,,
SIR-1S,GO,f_I_scale,7.40E-05,,
SIR-1S,GO,beta_mu,0.357193279,,
SIR-1S,GO,beta_sigma,0.052620979,,
SIR-1S,GO,delta_beta_temporal_0_mu,1.79E-05,,
SIR-1S,GO,delta_beta_temporal_1_mu,-0.002991848,,
SIR-1S,GO,delta_beta_temporal_2_mu,0.030611368,,
SIR-1S,GO,delta_beta_temporal_3_mu,0.090073381,,
SIR-1S,GO,delta_beta_temporal_4_mu,0.050983267,,
SIR-1S,GO,delta_beta_temporal_5_mu,0.032452335,,
SIR-1S,GO,delta_beta_temporal_6_mu,0.013135971,,
SIR-1S,GO,delta_beta_temporal_7_mu,-0.004749152,,
SIR-1S,GO,delta_beta_temporal_8_mu,-0.078224359,,
SIR-1S,GO,delta_beta_temporal_9_mu,-0.097856321,,
SIR-1S,GO,delta_beta_temporal_10_mu,-0.024986702,,
SIR-1S,GO,delta_beta_temporal_0_sigma,0.056555055,,
SIR-1S,GO,delta_beta_temporal_1_sigma,0.032029987,,
SIR-1S,GO,delta_beta_temporal_2_sigma,0.05543244,,
SIR-1S,GO,delta_beta_temporal_3_sigma,0.080419622,,
SIR-1S,GO,delta_beta_temporal_4_sigma,0.039317836,,
SIR-1S,GO,delta_beta_temporal_5_sigma,0.033416324,,
SIR-1S,GO,delta_beta_temporal_6_sigma,0.054246286,,
SIR-1S,GO,delta_beta_temporal_7_sigma,0.06340886,,
SIR-1S,GO,delta_beta_temporal_8_sigma,0.043787956,,
SIR-1S,GO,delta_beta_temporal_9_sigma,0.055700161,,
SIR-1S,GO,delta_beta_temporal_10_sigma,0.045307677,,
SIR-1S,MA,rho_report_a,1.609137619,,
SIR-1S,MA,rho_report_b,0.870130171,,
SIR-1S,MA,f_R_a,5.827733858,,
SIR-1S,MA,f_R_b,14.85311222,,
SIR-1S,MA,f_I_s,0.955502479,,
SIR-1S,MA,f_I_scale,7.60E-06,,
SIR-1S,MA,beta_mu,0.287565825,,
SIR-1S,MA,beta_sigma,0.047421193,,
SIR-1S,MA,delta_beta_temporal_0_mu,-0.046986111,,
SIR-1S,MA,delta_beta_temporal_1_mu,-0.009109857,,
SIR-1S,MA,delta_beta_temporal_2_mu,0.03143546,,
SIR-1S,MA,delta_beta_temporal_3_mu,0.103003616,,
SIR-1S,MA,delta_beta_temporal_4_mu,0.100625264,,
SIR-1S,MA,delta_beta_temporal_5_mu,0.049817756,,
SIR-1S,MA,delta_beta_temporal_6_mu,-0.018911992,,
SIR-1S,MA,delta_beta_temporal_7_mu,-0.056038792,,
SIR-1S,MA,delta_beta_temporal_8_mu,-0.071581163,,
SIR-1S,MA,delta_beta_temporal_9_mu,-0.063699932,,
SIR-1S,MA,delta_beta_temporal_10_mu,-0.040612375,,
SIR-1S,MA,delta_beta_temporal_0_sigma,0.026513425,,
SIR-1S,MA,delta_beta_temporal_1_sigma,0.027679993,,
SIR-1S,MA,delta_beta_temporal_2_sigma,0.026196666,,
SIR-1S,MA,delta_beta_temporal_3_sigma,0.045454166,,
SIR-1S,MA,delta_beta_temporal_4_sigma,0.058838143,,
SIR-1S,MA,delta_beta_temporal_5_sigma,0.077649073,,
SIR-1S,MA,delta_beta_temporal_6_sigma,0.041245944,,
SIR-1S,MA,delta_beta_temporal_7_sigma,0.055262276,,
SIR-1S,MA,delta_beta_temporal_8_sigma,0.043856542,,
SIR-1S,MA,delta_beta_temporal_9_sigma,0.040334718,,
SIR-1S,MA,delta_beta_temporal_10_sigma,0.029459011,,
SIR-1S,MG,rho_report_a,1.273028172,,
SIR-1S,MG,rho_report_b,5.071362403,,
SIR-1S,MG,f_R_a,23.41010684,,
SIR-1S,MG,f_R_b,27.59472145,,
SIR-1S,MG,f_I_s,0.66984036,,
SIR-1S,MG,f_I_scale,3.58E-05,,
SIR-1S,MG,beta_mu,0.40334577,,
SIR-1S,MG,beta_sigma,0.059224647,,
SIR-1S,MG,delta_beta_temporal_0_mu,-0.051879305,,
SIR-1S,MG,delta_beta_temporal_1_mu,-0.010123029,,
SIR-1S,MG,delta_beta_temporal_2_mu,0.038254236,,
SIR-1S,MG,delta_beta_temporal_3_mu,0.100510106,,
SIR-1S,MG,delta_beta_temporal_4_mu,0.044807966,,
SIR-1S,MG,delta_beta_temporal_5_mu,0.062363129,,
SIR-1S,MG,delta_beta_temporal_6_mu,0.049790169,,
SIR-1S,MG,delta_beta_temporal_7_mu,-0.013839675,,
SIR-1S,MG,delta_beta_temporal_8_mu,-0.094363965,,
SIR-1S,MG,delta_beta_temporal_9_mu,-0.106374171,,
SIR-1S,MG,delta_beta_temporal_10_mu,-0.013767908,,
SIR-1S,MG,delta_beta_temporal_0_sigma,0.056990376,,
SIR-1S,MG,delta_beta_temporal_1_sigma,0.036815819,,
SIR-1S,MG,delta_beta_temporal_2_sigma,0.05840947,,
SIR-1S,MG,delta_beta_temporal_3_sigma,0.042307552,,
SIR-1S,MG,delta_beta_temporal_4_sigma,0.055215316,,
SIR-1S,MG,delta_beta_temporal_5_sigma,0.051886558,,
SIR-1S,MG,delta_beta_temporal_6_sigma,0.050239841,,
SIR-1S,MG,delta_beta_temporal_7_sigma,0.059252039,,
SIR-1S,MG,delta_beta_temporal_8_sigma,0.058772873,,
SIR-1S,MG,delta_beta_temporal_9_sigma,0.056697055,,
SIR-1S,MG,delta_beta_temporal_10_sigma,0.057500439,,
SIR-1S,MS,rho_report_a,1.34123584,,
SIR-1S,MS,rho_report_b,1.453616656,,
SIR-1S,MS,f_R_a,5.170303229,,
SIR-1S,MS,f_R_b,9.536848353,,
SIR-1S,MS,f_I_s,0.850273921,,
SIR-1S,MS,f_I_scale,2.78E-05,,
SIR-1S,MS,beta_mu,0.33577336,,
SIR-1S,MS,beta_sigma,0.063934119,,
SIR-1S,MS,delta_beta_temporal_0_mu,-0.012198557,,
SIR-1S,MS,delta_beta_temporal_1_mu,0.04131245,,
SIR-1S,MS,delta_beta_temporal_2_mu,0.037501501,,
SIR-1S,MS,delta_beta_temporal_3_mu,0.073732677,,
SIR-1S,MS,delta_beta_temporal_4_mu,0.058927505,,
SIR-1S,MS,delta_beta_temporal_5_mu,0.035367355,,
SIR-1S,MS,delta_beta_temporal_6_mu,0.013216804,,
SIR-1S,MS,delta_beta_temporal_7_mu,-0.054438568,,
SIR-1S,MS,delta_beta_temporal_8_mu,-0.104425953,,
SIR-1S,MS,delta_beta_temporal_9_mu,-0.073870235,,
SIR-1S,MS,delta_beta_temporal_10_mu,-0.031024185,,
SIR-1S,MS,delta_beta_temporal_0_sigma,0.032112561,,
SIR-1S,MS,delta_beta_temporal_1_sigma,0.041323259,,
SIR-1S,MS,delta_beta_temporal_2_sigma,0.04311828,,
SIR-1S,MS,delta_beta_temporal_3_sigma,0.088801497,,
SIR-1S,MS,delta_beta_temporal_4_sigma,0.058596642,,
SIR-1S,MS,delta_beta_temporal_5_sigma,0.054593162,,
SIR-1S,MS,delta_beta_temporal_6_sigma,0.061583269,,
SIR-1S,MS,delta_beta_temporal_7_sigma,0.065862574,,
SIR-1S,MS,delta_beta_temporal_8_sigma,0.053982429,,
SIR-1S,MS,delta_beta_temporal_9_sigma,0.060121089,,
SIR-1S,MS,delta_beta_temporal_10_sigma,0.044013899,,
SIR-1S,MT,rho_report_a,2.406920933,,
SIR-1S,MT,rho_report_b,1.468228562,,
SIR-1S,MT,f_R_a,4.797398959,,
SIR-1S,MT,f_R_b,9.849986193,,
SIR-1S,MT,f_I_s,0.649356884,,
SIR-1S,MT,f_I_scale,3.14E-05,,
SIR-1S,MT,beta_mu,0.314338356,,
SIR-1S,MT,beta_sigma,0.051799495,,
SIR-1S,MT,delta_beta_temporal_0_mu,0.002753838,,
SIR-1S,MT,delta_beta_temporal_1_mu,0.049171422,,
SIR-1S,MT,delta_beta_temporal_2_mu,0.064244037,,
SIR-1S,MT,delta_beta_temporal_3_mu,0.080694899,,
SIR-1S,MT,delta_beta_temporal_4_mu,0.030026704,,
SIR-1S,MT,delta_beta_temporal_5_mu,0.006985402,,
SIR-1S,MT,delta_beta_temporal_6_mu,-0.015554246,,
SIR-1S,MT,delta_beta_temporal_7_mu,-0.037601483,,
SIR-1S,MT,delta_beta_temporal_8_mu,-0.081664142,,
SIR-1S,MT,delta_beta_temporal_9_mu,-0.076797948,,
SIR-1S,MT,delta_beta_temporal_10_mu,-0.047622713,,
SIR-1S,MT,delta_beta_temporal_0_sigma,0.033697952,,
SIR-1S,MT,delta_beta_temporal_1_sigma,0.032330367,,
SIR-1S,MT,delta_beta_temporal_2_sigma,0.045590539,,
SIR-1S,MT,delta_beta_temporal_3_sigma,0.051599,,
SIR-1S,MT,delta_beta_temporal_4_sigma,0.042129192,,
SIR-1S,MT,delta_beta_temporal_5_sigma,0.057738985,,
SIR-1S,MT,delta_beta_temporal_6_sigma,0.060642757,,
SIR-1S,MT,delta_beta_temporal_7_sigma,0.073152324,,
SIR-1S,MT,delta_beta_temporal_8_sigma,0.025489333,,
SIR-1S,MT,delta_beta_temporal_9_sigma,0.047456597,,
SIR-1S,MT,delta_beta_temporal_10_sigma,0.039056451,,
SIR-1S,PA,rho_report_a,5.331608548,,
SIR-1S,PA,rho_report_b,2.00140759,,
SIR-1S,PA,f_R_a,7.155391411,,
SIR-1S,PA,f_R_b,13.78354516,,
SIR-1S,PA,f_I_s,0.792687189,,
SIR-1S,PA,f_I_scale,8.40E-06,,
SIR-1S,PA,beta_mu,0.312948322,,
SIR-1S,PA,beta_sigma,0.047290998,,
SIR-1S,PA,delta_beta_temporal_0_mu,-0.002599576,,
SIR-1S,PA,delta_beta_temporal_1_mu,0.036667357,,
SIR-1S,PA,delta_beta_temporal_2_mu,0.047564947,,
SIR-1S,PA,delta_beta_temporal_3_mu,0.097216364,,
SIR-1S,PA,delta_beta_temporal_4_mu,0.066393078,,
SIR-1S,PA,delta_beta_temporal_5_mu,0.010891501,,
SIR-1S,PA,delta_beta_temporal_6_mu,-0.056542795,,
SIR-1S,PA,delta_beta_temporal_7_mu,-0.063209688,,
SIR-1S,PA,delta_beta_temporal_8_mu,-0.082372309,,
SIR-1S,PA,delta_beta_temporal_9_mu,-0.049886064,,
SIR-1S,PA,delta_beta_temporal_10_mu,-0.012617774,,
SIR-1S,PA,delta_beta_temporal_0_sigma,0.036632917,,
SIR-1S,PA,delta_beta_temporal_1_sigma,0.046891858,,
SIR-1S,PA,delta_beta_temporal_2_sigma,0.048850189,,
SIR-1S,PA,delta_beta_temporal_3_sigma,0.063183638,,
SIR-1S,PA,delta_beta_temporal_4_sigma,0.045690201,,
SIR-1S,PA,delta_beta_temporal_5_sigma,0.050512643,,
SIR-1S,PA,delta_beta_temporal_6_sigma,0.044569558,,
SIR-1S,PA,delta_beta_temporal_7_sigma,0.044630316,,
SIR-1S,PA,delta_beta_temporal_8_sigma,0.027288549,,
SIR-1S,PA,delta_beta_temporal_9_sigma,0.029213522,,
SIR-1S,PA,delta_beta_temporal_10_sigma,0.028968669,,
SIR-1S,PB,rho_report_a,4.482524994,,
SIR-1S,PB,rho_report_b,1.501430576,,
SIR-1S,PB,f_R_a,3.044074607,,
SIR-1S,PB,f_R_b,7.225100738,,
SIR-1S,PB,f_I_s,0.721888565,,
SIR-1S,PB,f_I_scale,2.91E-05,,
SIR-1S,PB,beta_mu,0.300910914,,
SIR-1S,PB,beta_sigma,0.057271903,,
SIR-1S,PB,delta_beta_temporal_0_mu,-0.059825509,,
SIR-1S,PB,delta_beta_temporal_1_mu,-0.049996782,,
SIR-1S,PB,delta_beta_temporal_2_mu,-0.007360521,,
SIR-1S,PB,delta_beta_temporal_3_mu,0.029831473,,
SIR-1S,PB,delta_beta_temporal_4_mu,0.076436029,,
SIR-1S,PB,delta_beta_temporal_5_mu,0.085720316,,
SIR-1S,PB,delta_beta_temporal_6_mu,0.047865248,,
SIR-1S,PB,delta_beta_temporal_7_mu,0.009916638,,
SIR-1S,PB,delta_beta_temporal_8_mu,-0.037805096,,
SIR-1S,PB,delta_beta_temporal_9_mu,-0.041949301,,
SIR-1S,PB,delta_beta_temporal_10_mu,-0.055788968,,
SIR-1S,PB,delta_beta_temporal_0_sigma,0.032661439,,
SIR-1S,PB,delta_beta_temporal_1_sigma,0.036514135,,
SIR-1S,PB,delta_beta_temporal_2_sigma,0.063271078,,
SIR-1S,PB,delta_beta_temporal_3_sigma,0.04835008,,
SIR-1S,PB,delta_beta_temporal_4_sigma,0.038422676,,
SIR-1S,PB,delta_beta_temporal_5_sigma,0.061591575,,
SIR-1S,PB,delta_beta_temporal_6_sigma,0.06205854,,
SIR-1S,PB,delta_beta_temporal_7_sigma,0.074871573,,
SIR-1S,PB,delta_beta_temporal_8_sigma,0.048670116,,
SIR-1S,PB,delta_beta_temporal_9_sigma,0.044677555,,
SIR-1S,PB,delta_beta_temporal_10_sigma,0.055746844,,
SIR-1S,PE,rho_report_a,3.509152963,,
SIR-1S,PE,rho_report_b,1.475851299,,
SIR-1S,PE,f_R_a,2.728299384,,
SIR-1S,PE,f_R_b,4.803630824,,
SIR-1S,PE,f_I_s,0.732834308,,
SIR-1S,PE,f_I_scale,2.54E-05,,
SIR-1S,PE,beta_mu,0.337757235,,
SIR-1S,PE,beta_sigma,0.072672806,,
SIR-1S,PE,delta_beta_temporal_0_mu,-0.028466504,,
SIR-1S,PE,delta_beta_temporal_1_mu,-0.022085338,,
SIR-1S,PE,delta_beta_temporal_2_mu,-0.016233414,,
SIR-1S,PE,delta_beta_temporal_3_mu,0.002741689,,
SIR-1S,PE,delta_beta_temporal_4_mu,0.075821611,,
SIR-1S,PE,delta_beta_temporal_5_mu,0.094680478,,
SIR-1S,PE,delta_beta_temporal_6_mu,0.035418837,,
SIR-1S,PE,delta_beta_temporal_7_mu,0.004934215,,
SIR-1S,PE,delta_beta_temporal_8_mu,-0.04571847,,
SIR-1S,PE,delta_beta_temporal_9_mu,-0.049157959,,
SIR-1S,PE,delta_beta_temporal_10_mu,-0.045743974,,
SIR-1S,PE,delta_beta_temporal_0_sigma,0.039450758,,
SIR-1S,PE,delta_beta_temporal_1_sigma,0.06051598,,
SIR-1S,PE,delta_beta_temporal_2_sigma,0.041704974,,
SIR-1S,PE,delta_beta_temporal_3_sigma,0.067255816,,
SIR-1S,PE,delta_beta_temporal_4_sigma,0.046875624,,
SIR-1S,PE,delta_beta_temporal_5_sigma,0.070376442,,
SIR-1S,PE,delta_beta_temporal_6_sigma,0.062097497,,
SIR-1S,PE,delta_beta_temporal_7_sigma,0.093105785,,
SIR-1S,PE,delta_beta_temporal_8_sigma,0.047483634,,
SIR-1S,PE,delta_beta_temporal_9_sigma,0.055271405,,
SIR-1S,PE,delta_beta_temporal_10_sigma,0.039261735,,
SIR-1S,PI,rho_report_a,5.427732483,,
SIR-1S,PI,rho_report_b,2.029203745,,
SIR-1S,PI,f_R_a,5.145305463,,
SIR-1S,PI,f_R_b,9.382344727,,
SIR-1S,PI,f_I_s,0.657699329,,
SIR-1S,PI,f_I_scale,1.18E-05,,
SIR-1S,PI,beta_mu,0.328821948,,
SIR-1S,PI,beta_sigma,0.072795697,,
SIR-1S,PI,delta_beta_temporal_0_mu,-0.065117162,,
SIR-1S,PI,delta_beta_temporal_1_mu,-0.015636013,,
SIR-1S,PI,delta_beta_temporal_2_mu,0.015727054,,
SIR-1S,PI,delta_beta_temporal_3_mu,0.065487034,,
SIR-1S,PI,delta_beta_temporal_4_mu,0.081496795,,
SIR-1S,PI,delta_beta_temporal_5_mu,0.084397334,,
SIR-1S,PI,delta_beta_temporal_6_mu,0.058932075,,
SIR-1S,PI,delta_beta_temporal_7_mu,0.000833105,,
SIR-1S,PI,delta_beta_temporal_8_mu,-0.064959021,,
SIR-1S,PI,delta_beta_temporal_9_mu,-0.094376607,,
SIR-1S,PI,delta_beta_temporal_10_mu,-0.082872429,,
SIR-1S,PI,delta_beta_temporal_0_sigma,0.024657309,,
SIR-1S,PI,delta_beta_temporal_1_sigma,0.016729637,,
SIR-1S,PI,delta_beta_temporal_2_sigma,0.026387207,,
SIR-1S,PI,delta_beta_temporal_3_sigma,0.032908863,,
SIR-1S,PI,delta_beta_temporal_4_sigma,0.049831665,,
SIR-1S,PI,delta_beta_temporal_5_sigma,0.046544496,,
SIR-1S,PI,delta_beta_temporal_6_sigma,0.062018904,,
SIR-1S,PI,delta_beta_temporal_7_sigma,0.073542753,,
SIR-1S,PI,delta_beta_temporal_8_sigma,0.052266939,,
SIR-1S,PI,delta_beta_temporal_9_sigma,0.040536898,,
SIR-1S,PI,delta_beta_temporal_10_sigma,0.043378718,,
SIR-1S,PR,rho_report_a,0.57626151,,
SIR-1S,PR,rho_report_b,0.977302944,,
SIR-1S,PR,f_R_a,3.018314117,,
SIR-1S,PR,f_R_b,5.182171087,,
SIR-1S,PR,f_I_s,1.287882721,,
SIR-1S,PR,f_I_scale,1.20E-05,,
SIR-1S,PR,beta_mu,0.374050658,,
SIR-1S,PR,beta_sigma,0.129178298,,
SIR-1S,PR,delta_beta_temporal_0_mu,-0.034788803,,
SIR-1S,PR,delta_beta_temporal_1_mu,-0.000962106,,
SIR-1S,PR,delta_beta_temporal_2_mu,0.016181527,,
SIR-1S,PR,delta_beta_temporal_3_mu,0.050948997,,
SIR-1S,PR,delta_beta_temporal_4_mu,0.078821801,,
SIR-1S,PR,delta_beta_temporal_5_mu,0.077128321,,
SIR-1S,PR,delta_beta_temporal_6_mu,0.051159393,,
SIR-1S,PR,delta_beta_temporal_7_mu,-0.028715778,,
SIR-1S,PR,delta_beta_temporal_8_mu,-0.126568047,,
SIR-1S,PR,delta_beta_temporal_9_mu,-0.077305187,,
SIR-1S,PR,delta_beta_temporal_10_mu,-0.030290789,,
SIR-1S,PR,delta_beta_temporal_0_sigma,0.050168508,,
SIR-1S,PR,delta_beta_temporal_1_sigma,0.049207425,,
SIR-1S,PR,delta_beta_temporal_2_sigma,0.044562878,,
SIR-1S,PR,delta_beta_temporal_3_sigma,0.049044739,,
SIR-1S,PR,delta_beta_temporal_4_sigma,0.05926226,,
SIR-1S,PR,delta_beta_temporal_5_sigma,0.084055844,,
SIR-1S,PR,delta_beta_temporal_6_sigma,0.058341062,,
SIR-1S,PR,delta_beta_temporal_7_sigma,0.067002724,,
SIR-1S,PR,delta_beta_temporal_8_sigma,0.081108017,,
SIR-1S,PR,delta_beta_temporal_9_sigma,0.08614246,,
SIR-1S,PR,delta_beta_temporal_10_sigma,0.057434658,,
SIR-1S,RJ,rho_report_a,0.857396255,,
SIR-1S,RJ,rho_report_b,0.85044653,,
SIR-1S,RJ,f_R_a,4.659035206,,
SIR-1S,RJ,f_R_b,8.711673502,,
SIR-1S,RJ,f_I_s,1.559139491,,
SIR-1S,RJ,f_I_scale,1.50E-05,,
SIR-1S,RJ,beta_mu,0.332840567,,
SIR-1S,RJ,beta_sigma,0.076131013,,
SIR-1S,RJ,delta_beta_temporal_0_mu,-0.050473808,,
SIR-1S,RJ,delta_beta_temporal_1_mu,-0.00693554,,
SIR-1S,RJ,delta_beta_temporal_2_mu,0.045920935,,
SIR-1S,RJ,delta_beta_temporal_3_mu,0.081288141,,
SIR-1S,RJ,delta_beta_temporal_4_mu,0.040572739,,
SIR-1S,RJ,delta_beta_temporal_5_mu,0.071391989,,
SIR-1S,RJ,delta_beta_temporal_6_mu,0.029765368,,
SIR-1S,RJ,delta_beta_temporal_7_mu,-0.023893076,,
SIR-1S,RJ,delta_beta_temporal_8_mu,-0.072474986,,
SIR-1S,RJ,delta_beta_temporal_9_mu,-0.076705753,,
SIR-1S,RJ,delta_beta_temporal_10_mu,-0.046720686,,
SIR-1S,RJ,delta_beta_temporal_0_sigma,0.066031219,,
SIR-1S,RJ,delta_beta_temporal_1_sigma,0.036525061,,
SIR-1S,RJ,delta_beta_temporal_2_sigma,0.034471994,,
SIR-1S,RJ,delta_beta_temporal_3_sigma,0.060118059,,
SIR-1S,RJ,delta_beta_temporal_4_sigma,0.064206133,,
SIR-1S,RJ,delta_beta_temporal_5_sigma,0.073582859,,
SIR-1S,RJ,delta_beta_temporal_6_sigma,0.082322405,,
SIR-1S,RJ,delta_beta_temporal_7_sigma,0.050248944,,
SIR-1S,RJ,delta_beta_temporal_8_sigma,0.040522923,,
SIR-1S,RJ,delta_beta_temporal_9_sigma,0.057126953,,
SIR-1S,RJ,delta_beta_temporal_10_sigma,0.059166742,,
SIR-1S,RN,rho_report_a,3.927318103,,
SIR-1S,RN,rho_report_b,1.373764816,,
SIR-1S,RN,f_R_a,4.036362318,,
SIR-1S,RN,f_R_b,7.202219556,,
SIR-1S,RN,f_I_s,0.652895549,,
SIR-1S,RN,f_I_scale,4.01E-05,,
SIR-1S,RN,beta_mu,0.334054172,,
SIR-1S,RN,beta_sigma,0.06913256,,
SIR-1S,RN,delta_beta_temporal_0_mu,-0.059638129,,
SIR-1S,RN,delta_beta_temporal_1_mu,-0.034283981,,
SIR-1S,RN,delta_beta_temporal_2_mu,-0.016677055,,
SIR-1S,RN,delta_beta_temporal_3_mu,0.03411582,,
SIR-1S,RN,delta_beta_temporal_4_mu,0.071620305,,
SIR-1S,RN,delta_beta_temporal_5_mu,0.089160348,,
SIR-1S,RN,delta_beta_temporal_6_mu,0.042679249,,
SIR-1S,RN,delta_beta_temporal_7_mu,-0.01232165,,
SIR-1S,RN,delta_beta_temporal_8_mu,-0.038703736,,
SIR-1S,RN,delta_beta_temporal_9_mu,-0.050512591,,
SIR-1S,RN,delta_beta_temporal_10_mu,-0.047879757,,
SIR-1S,RN,delta_beta_temporal_0_sigma,0.03985205,,
SIR-1S,RN,delta_beta_temporal_1_sigma,0.033148357,,
SIR-1S,RN,delta_beta_temporal_2_sigma,0.039673298,,
SIR-1S,RN,delta_beta_temporal_3_sigma,0.062387794,,
SIR-1S,RN,delta_beta_temporal_4_sigma,0.055869524,,
SIR-1S,RN,delta_beta_temporal_5_sigma,0.071446117,,
SIR-1S,RN,delta_beta_temporal_6_sigma,0.094831305,,
SIR-1S,RN,delta_beta_temporal_7_sigma,0.077254356,,
SIR-1S,RN,delta_beta_temporal_8_sigma,0.069330677,,
SIR-1S,RN,delta_beta_temporal_9_sigma,0.043735304,,
SIR-1S,RN,delta_beta_temporal_10_sigma,0.035336815,,
SIR-1S,RO,rho_report_a,2.34197311,,
SIR-1S,RO,rho_report_b,1.068001209,,
SIR-1S,RO,f_R_a,5.584694212,,
SIR-1S,RO,f_R_b,15.96741049,,
SIR-1S,RO,f_I_s,0.754703284,,
SIR-1S,RO,f_I_scale,1.61E-05,,
SIR-1S,RO,beta_mu,0.279354201,,
SIR-1S,RO,beta_sigma,0.045249891,,
SIR-1S,RO,delta_beta_temporal_0_mu,0.021896086,,
SIR-1S,RO,delta_beta_temporal_1_mu,0.066162857,,
SIR-1S,RO,delta_beta_temporal_2_mu,0.060897574,,
SIR-1S,RO,delta_beta_temporal_3_mu,0.056885995,,
SIR-1S,RO,delta_beta_temporal_4_mu,0.023536054,,
SIR-1S,RO,delta_beta_temporal_5_mu,7.06E-05,,
SIR-1S,RO,delta_beta_temporal_6_mu,-0.051301486,,
SIR-1S,RO,delta_beta_temporal_7_mu,-0.072023231,,
SIR-1S,RO,delta_beta_temporal_8_mu,-0.064193043,,
SIR-1S,RO,delta_beta_temporal_9_mu,-0.046192498,,
SIR-1S,RO,delta_beta_temporal_10_mu,-0.036139663,,
SIR-1S,RO,delta_beta_temporal_0_sigma,0.032094386,,
SIR-1S,RO,delta_beta_temporal_1_sigma,0.053181648,,
SIR-1S,RO,delta_beta_temporal_2_sigma,0.057804353,,
SIR-1S,RO,delta_beta_temporal_3_sigma,0.071798053,,
SIR-1S,RO,delta_beta_temporal_4_sigma,0.048207887,,
SIR-1S,RO,delta_beta_temporal_5_sigma,0.035720544,,
SIR-1S,RO,delta_beta_temporal_6_sigma,0.064128529,,
SIR-1S,RO,delta_beta_temporal_7_sigma,0.060373547,,
SIR-1S,RO,delta_beta_temporal_8_sigma,0.037128327,,
SIR-1S,RO,delta_beta_temporal_9_sigma,0.018141028,,
SIR-1S,RO,delta_beta_temporal_10_sigma,0.021207465,,
SIR-1S,RR,rho_report_a,880.1754817,,
SIR-1S,RR,rho_report_b,142.9466305,,
SIR-1S,RR,f_R_a,76.43661089,,
SIR-1S,RR,f_R_b,338.6386252,,
SIR-1S,RR,f_I_s,0.724091494,,
SIR-1S,RR,f_I_scale,3.29E-05,,
SIR-1S,RR,beta_mu,0.233203848,,
SIR-1S,RR,beta_sigma,0.017883189,,
SIR-1S,RR,delta_beta_temporal_0_mu,-0.028500846,,
SIR-1S,RR,delta_beta_temporal_1_mu,-0.01219571,,
SIR-1S,RR,delta_beta_temporal_2_mu,-0.008195883,,
SIR-1S,RR,delta_beta_temporal_3_mu,-0.000830573,,
SIR-1S,RR,delta_beta_temporal_4_mu,-0.003768766,,
SIR-1S,RR,delta_beta_temporal_5_mu,0.001955213,,
SIR-1S,RR,delta_beta_temporal_6_mu,-0.001482305,,
SIR-1S,RR,delta_beta_temporal_7_mu,0.006519866,,
SIR-1S,RR,delta_beta_temporal_8_mu,0.005237673,,
SIR-1S,RR,delta_beta_temporal_9_mu,-0.00647648,,
SIR-1S,RR,delta_beta_temporal_10_mu,0.001629206,,
SIR-1S,RR,delta_beta_temporal_0_sigma,0.042534138,,
SIR-1S,RR,delta_beta_temporal_1_sigma,0.040113691,,
SIR-1S,RR,delta_beta_temporal_2_sigma,0.015885916,,
SIR-1S,RR,delta_beta_temporal_3_sigma,0.015227122,,
SIR-1S,RR,delta_beta_temporal_4_sigma,0.011839617,,
SIR-1S,RR,delta_beta_temporal_5_sigma,0.031178892,,
SIR-1S,RR,delta_beta_temporal_6_sigma,0.025717588,,
SIR-1S,RR,delta_beta_temporal_7_sigma,0.026533678,,
SIR-1S,RR,delta_beta_temporal_8_sigma,0.015160886,,
SIR-1S,RR,delta_beta_temporal_9_sigma,0.021767472,,
SIR-1S,RR,delta_beta_temporal_10_sigma,0.011249956,,
SIR-1S,RS,rho_report_a,0.959941301,,
SIR-1S,RS,rho_report_b,0.686056321,,
SIR-1S,RS,f_R_a,3.673814126,,
SIR-1S,RS,f_R_b,9.184347614,,
SIR-1S,RS,f_I_s,0.655245981,,
SIR-1S,RS,f_I_scale,9.26E-07,,
SIR-1S,RS,beta_mu,0.299891636,,
SIR-1S,RS,beta_sigma,0.111504143,,
SIR-1S,RS,delta_beta_temporal_0_mu,-0.028426681,,
SIR-1S,RS,delta_beta_temporal_1_mu,-0.010427256,,
SIR-1S,RS,delta_beta_temporal_2_mu,0.004165955,,
SIR-1S,RS,delta_beta_temporal_3_mu,0.02903789,,
SIR-1S,RS,delta_beta_temporal_4_mu,0.067263904,,
SIR-1S,RS,delta_beta_temporal_5_mu,0.086503626,,
SIR-1S,RS,delta_beta_temporal_6_mu,0.044078977,,
SIR-1S,RS,delta_beta_temporal_7_mu,-0.051884759,,
SIR-1S,RS,delta_beta_temporal_8_mu,-0.116828816,,
SIR-1S,RS,delta_beta_temporal_9_mu,-0.073356367,,
SIR-1S,RS,delta_beta_temporal_10_mu,-0.028498824,,
SIR-1S,RS,delta_beta_temporal_0_sigma,0.027864117,,
SIR-1S,RS,delta_beta_temporal_1_sigma,0.027541299,,
SIR-1S,RS,delta_beta_temporal_2_sigma,0.032967428,,
SIR-1S,RS,delta_beta_temporal_3_sigma,0.045805695,,
SIR-1S,RS,delta_beta_temporal_4_sigma,0.062837863,,
SIR-1S,RS,delta_beta_temporal_5_sigma,0.079696432,,
SIR-1S,RS,delta_beta_temporal_6_sigma,0.054447816,,
SIR-1S,RS,delta_beta_temporal_7_sigma,0.075815458,,
SIR-1S,RS,delta_beta_temporal_8_sigma,0.122004043,,
SIR-1S,RS,delta_beta_temporal_9_sigma,0.072421044,,
SIR-1S,RS,delta_beta_temporal_10_sigma,0.040251385,,
SIR-1S,SC,rho_report_a,0.669337695,,
SIR-1S,SC,rho_report_b,0.662774438,,
SIR-1S,SC,f_R_a,3.076859202,,
SIR-1S,SC,f_R_b,8.200337711,,
SIR-1S,SC,f_I_s,1.380875052,,
SIR-1S,SC,f_I_scale,2.54E-06,,
SIR-1S,SC,beta_mu,0.291737349,,
SIR-1S,SC,beta_sigma,0.09804255,,
SIR-1S,SC,delta_beta_temporal_0_mu,-0.038423658,,
SIR-1S,SC,delta_beta_temporal_1_mu,-0.02235,,
SIR-1S,SC,delta_beta_temporal_2_mu,0.002036648,,
SIR-1S,SC,delta_beta_temporal_3_mu,0.01720058,,
SIR-1S,SC,delta_beta_temporal_4_mu,0.068855304,,
SIR-1S,SC,delta_beta_temporal_5_mu,0.066279055,,
SIR-1S,SC,delta_beta_temporal_6_mu,0.025542152,,
SIR-1S,SC,delta_beta_temporal_7_mu,-0.021562778,,
SIR-1S,SC,delta_beta_temporal_8_mu,-0.067152859,,
SIR-1S,SC,delta_beta_temporal_9_mu,-0.056807031,,
SIR-1S,SC,delta_beta_temporal_10_mu,-0.026580238,,
SIR-1S,SC,delta_beta_temporal_0_sigma,0.049242196,,
SIR-1S,SC,delta_beta_temporal_1_sigma,0.045910536,,
SIR-1S,SC,delta_beta_temporal_2_sigma,0.048021058,,
SIR-1S,SC,delta_beta_temporal_3_sigma,0.065058028,,
SIR-1S,SC,delta_beta_temporal_4_sigma,0.071704378,,
SIR-1S,SC,delta_beta_temporal_5_sigma,0.059375107,,
SIR-1S,SC,delta_beta_temporal_6_sigma,0.05164721,,
SIR-1S,SC,delta_beta_temporal_7_sigma,0.092161909,,
SIR-1S,SC,delta_beta_temporal_8_sigma,0.07317813,,
SIR-1S,SC,delta_beta_temporal_9_sigma,0.074788403,,
SIR-1S,SC,delta_beta_temporal_10_sigma,0.040988317,,
SIR-1S,SE,rho_report_a,153.3931926,,
SIR-1S,SE,rho_report_b,29.21354545,,
SIR-1S,SE,f_R_a,10.55235381,,
SIR-1S,SE,f_R_b,38.19481239,,
SIR-1S,SE,f_I_s,1.002253304,,
SIR-1S,SE,f_I_scale,1.43E-05,,
SIR-1S,SE,beta_mu,0.257131428,,
SIR-1S,SE,beta_sigma,0.026760671,,
SIR-1S,SE,delta_beta_temporal_0_mu,-0.042271054,,
SIR-1S,SE,delta_beta_temporal_1_mu,-0.026806556,,
SIR-1S,SE,delta_beta_temporal_2_mu,-0.016490261,,
SIR-1S,SE,delta_beta_temporal_3_mu,-0.006084233,,
SIR-1S,SE,delta_beta_temporal_4_mu,0.032186233,,
SIR-1S,SE,delta_beta_temporal_5_mu,0.035051841,,
SIR-1S,SE,delta_beta_temporal_6_mu,0.036406312,,
SIR-1S,SE,delta_beta_temporal_7_mu,0.013560127,,
SIR-1S,SE,delta_beta_temporal_8_mu,-0.009569003,,
SIR-1S,SE,delta_beta_temporal_9_mu,-0.009474226,,
SIR-1S,SE,delta_beta_temporal_10_mu,-0.022301468,,
SIR-1S,SE,delta_beta_temporal_0_sigma,0.039282394,,
SIR-1S,SE,delta_beta_temporal_1_sigma,0.040557096,,
SIR-1S,SE,delta_beta_temporal_2_sigma,0.045152617,,
SIR-1S,SE,delta_beta_temporal_3_sigma,0.03669509,,
SIR-1S,SE,delta_beta_temporal_4_sigma,0.038967709,,
SIR-1S,SE,delta_beta_temporal_5_sigma,0.046589094,,
SIR-1S,SE,delta_beta_temporal_6_sigma,0.039392131,,
SIR-1S,SE,delta_beta_temporal_7_sigma,0.076772771,,
SIR-1S,SE,delta_beta_temporal_8_sigma,0.070832368,,
SIR-1S,SE,delta_beta_temporal_9_sigma,0.037476487,,
SIR-1S,SE,delta_beta_temporal_10_sigma,0.055850499,,
SIR-1S,SP,rho_report_a,0.484683389,,
SIR-1S,SP,rho_report_b,1.291025852,,
SIR-1S,SP,f_R_a,2.894559705,,
SIR-1S,SP,f_R_b,5.697950093,,
SIR-1S,SP,f_I_s,1.300488443,,
SIR-1S,SP,f_I_scale,2.39E-05,,
SIR-1S,SP,beta_mu,0.349365982,,
SIR-1S,SP,beta_sigma,0.083335531,,
SIR-1S,SP,delta_beta_temporal_0_mu,-0.054029891,,
SIR-1S,SP,delta_beta_temporal_1_mu,-0.037994027,,
SIR-1S,SP,delta_beta_temporal_2_mu,-0.011356615,,
SIR-1S,SP,delta_beta_temporal_3_mu,0.087995024,,
SIR-1S,SP,delta_beta_temporal_4_mu,0.069332085,,
SIR-1S,SP,delta_beta_temporal_5_mu,0.054457122,,
SIR-1S,SP,delta_beta_temporal_6_mu,0.042187447,,
SIR-1S,SP,delta_beta_temporal_7_mu,-0.014280226,,
SIR-1S,SP,delta_beta_temporal_8_mu,-0.113974805,,
SIR-1S,SP,delta_beta_temporal_9_mu,-0.084661538,,
SIR-1S,SP,delta_beta_temporal_10_mu,0.002869625,,
SIR-1S,SP,delta_beta_temporal_0_sigma,0.066141933,,
SIR-1S,SP,delta_beta_temporal_1_sigma,0.041908304,,
SIR-1S,SP,delta_beta_temporal_2_sigma,0.064803263,,
SIR-1S,SP,delta_beta_temporal_3_sigma,0.075846814,,
SIR-1S,SP,delta_beta_temporal_4_sigma,0.046430567,,
SIR-1S,SP,delta_beta_temporal_5_sigma,0.068534458,,
SIR-1S,SP,delta_beta_temporal_6_sigma,0.059746101,,
SIR-1S,SP,delta_beta_temporal_7_sigma,0.06179303,,
SIR-1S,SP,delta_beta_temporal_8_sigma,0.068706979,,
SIR-1S,SP,delta_beta_temporal_9_sigma,0.063637508,,
SIR-1S,SP,delta_beta_temporal_10_sigma,0.060681088,,
SIR-1S,TO,rho_report_a,3.213164289,,
SIR-1S,TO,rho_report_b,1.342075864,,
SIR-1S,TO,f_R_a,4.761660394,,
SIR-1S,TO,f_R_b,11.33462182,,
SIR-1S,TO,f_I_s,0.686190537,,
SIR-1S,TO,f_I_scale,2.05E-05,,
SIR-1S,TO,beta_mu,0.298579101,,
SIR-1S,TO,beta_sigma,0.050742335,,
SIR-1S,TO,delta_beta_temporal_0_mu,0.009677203,,
SIR-1S,TO,delta_beta_temporal_1_mu,0.051888258,,
SIR-1S,TO,delta_beta_temporal_2_mu,0.06826482,,
SIR-1S,TO,delta_beta_temporal_3_mu,0.05720551,,
SIR-1S,TO,delta_beta_temporal_4_mu,0.038057651,,
SIR-1S,TO,delta_beta_temporal_5_mu,0.020232427,,
SIR-1S,TO,delta_beta_temporal_6_mu,-0.000666125,,
SIR-1S,TO,delta_beta_temporal_7_mu,-0.028582362,,
SIR-1S,TO,delta_beta_temporal_8_mu,-0.085235234,,
SIR-1S,TO,delta_beta_temporal_9_mu,-0.09880716,,
SIR-1S,TO,delta_beta_temporal_10_mu,-0.056386072,,
SIR-1S,TO,delta_beta_temporal_0_sigma,0.023296993,,
SIR-1S,TO,delta_beta_temporal_1_sigma,0.038808081,,
SIR-1S,TO,delta_beta_temporal_2_sigma,0.045151219,,
SIR-1S,TO,delta_beta_temporal_3_sigma,0.045747232,,
SIR-1S,TO,delta_beta_temporal_4_sigma,0.040043109,,
SIR-1S,TO,delta_beta_temporal_5_sigma,0.058648632,,
SIR-1S,TO,delta_beta_temporal_6_sigma,0.047109732,,
SIR-1S,TO,delta_beta_temporal_7_sigma,0.035091806,,
SIR-1S,TO,delta_beta_temporal_8_sigma,0.029640454,,
SIR-1S,TO,delta_beta_temporal_9_sigma,0.031177665,,
SIR-1S,TO,delta_beta_temporal_10_sigma,0.025498626,,